{
  "train_loss": [
    1.3851207252731896,
    0.5241235757904842,
    0.29910995223020254,
    0.20642013959866717,
    0.1575619217596556,
    0.12874777477822805,
    0.10501113608199403,
    0.08368837668147303,
    0.08153002168563075,
    0.0709238581401401,
    0.0635711451803327,
    0.05550430017642509,
    0.04395555086517917,
    0.03883305521457827,
    0.041894882059607064,
    0.035412350743028675,
    0.031192439708060453,
    0.02718661974019658,
    0.026339287899392553,
    0.024977939578011296,
    0.021552897282504944,
    0.018506314705259035,
    0.020174785412995045,
    0.018012748084108073,
    0.010129901669355795,
    0.009601299671099094,
    0.014128969290339268,
    0.014033099580853758,
    0.01006624462648428,
    0.006339687371321891,
    0.006911912732109904,
    0.006679613089046259,
    0.00716657677001873,
    0.009995817910981386,
    0.010158033462510886,
    0.008001197849206025,
    0.005849927383924911,
    0.0035477255764714954,
    0.004117688551436605,
    0.007727790098940197,
    0.005959096619171349,
    0.006238717468237921,
    0.004636103846384405,
    0.003422205236716777,
    0.0032376603712623193,
    0.00323650194479711,
    0.006868385359153845,
    0.0017915902405677895,
    0.003931226599738317,
    0.0025722497504789216
  ],
  "train_acc": [
    59.34117647058824,
    86.02352941176471,
    91.90588235294118,
    94.61176470588235,
    95.62352941176471,
    96.32941176470588,
    97.31764705882352,
    98.07058823529412,
    97.67058823529412,
    98.04705882352941,
    98.23529411764706,
    98.65882352941176,
    99.12941176470588,
    99.12941176470588,
    98.70588235294117,
    99.12941176470588,
    99.2,
    99.24705882352941,
    99.17647058823529,
    99.31764705882352,
    99.48235294117647,
    99.6,
    99.5764705882353,
    99.52941176470588,
    99.81176470588235,
    99.85882352941177,
    99.62352941176471,
    99.62352941176471,
    99.83529411764705,
    99.97647058823529,
    99.88235294117646,
    99.90588235294118,
    99.90588235294118,
    99.76470588235294,
    99.76470588235294,
    99.81176470588235,
    99.92941176470588,
    99.92941176470588,
    99.97647058823529,
    99.81176470588235,
    99.88235294117646,
    99.83529411764705,
    99.88235294117646,
    99.97647058823529,
    99.97647058823529,
    99.95294117647059,
    99.83529411764705,
    100.0,
    99.92941176470588,
    99.95294117647059
  ],
  "val_loss": [
    1.0184800845605355,
    0.9677520526780022,
    0.7003741915579196,
    0.5144089979154093,
    0.574965137022513,
    0.4502942418610608,
    0.38484132289886475,
    0.4830472419659297,
    0.49416338955914535,
    0.40118224753273857,
    0.7870932784345415,
    0.47755792185112284,
    0.4074700292613771,
    0.38173468148818723,
    0.5406388618327953,
    0.5060320882885544,
    0.6993721160623763,
    0.5401524575772109,
    0.7539797513573258,
    0.5878717750310898,
    0.8661096476846271,
    0.5333604431814618,
    0.7570769389470419,
    0.3875599986425153,
    0.7315198472804494,
    0.4938811984051157,
    0.44789150578004344,
    0.5699714405669106,
    0.6085182538738957,
    0.6084107941499463,
    0.6617052466781052,
    0.5332984071638849,
    0.4883946583226875,
    1.0732422161985327,
    0.5222601860209748,
    0.6552362287486041,
    0.7070820767570425,
    0.6164407975695751,
    0.744618735379643,
    0.5912779227451042,
    0.7869602381079285,
    0.4931351669408657,
    0.5757697809625555,
    0.6544727053907182,
    0.7428265158776883,
    0.5637272185197583,
    0.472704134605549,
    0.6531374233740347,
    0.7318991240527895,
    0.632644792397817
  ],
  "val_acc": [
    62.857142857142854,
    66.07142857142857,
    72.14285714285714,
    80.71428571428571,
    78.69047619047619,
    83.69047619047619,
    86.30952380952381,
    83.33333333333333,
    82.97619047619048,
    86.54761904761905,
    74.28571428571429,
    82.61904761904762,
    84.52380952380952,
    86.19047619047619,
    82.61904761904762,
    84.04761904761905,
    81.42857142857143,
    83.21428571428571,
    78.57142857142857,
    82.97619047619048,
    79.04761904761905,
    85.0,
    80.83333333333333,
    87.97619047619048,
    82.5,
    86.19047619047619,
    86.42857142857143,
    83.57142857142857,
    83.92857142857143,
    84.76190476190476,
    82.02380952380952,
    85.71428571428571,
    87.26190476190476,
    75.23809523809524,
    85.35714285714286,
    82.97619047619048,
    83.69047619047619,
    84.88095238095238,
    83.69047619047619,
    85.95238095238095,
    82.38095238095238,
    88.21428571428571,
    85.71428571428571,
    84.52380952380952,
    83.21428571428571,
    85.5952380952381,
    86.07142857142857,
    84.64285714285714,
    83.33333333333333,
    83.80952380952381
  ]
}